"manu_name","manu_django_id","style_name","style_django_id","home_name","code","sqft","bedrooms","baths","stories","cost","estimatedCost","link","floorplans","info"
"Blu Homes","47","Modern","5","Breezehouse","bh001","3024","3","3","1","635000","635000","http://www.bluhomes.com/homes/breezehouse/#http://www.bluhomes.com/wp-content/uploads/br-p-CA-11-0029-ext-001-590x443.jpg","http://www.bluhomes.com/homes/breezehouse/floorplans/","Note that every Blu Homes price includes the estimated cost of setting up and finishing the home as well as the cost of manufacturing the home."
"Blu Homes","47","Modern","5","Sidebreeze","bh002","2602","3","3","2","665000","665000","http://www.bluhomes.com/homes/sidebreeze","http://www.bluhomes.com/homes/sidebreeze/floorplans/","Note that every Blu Homes price includes the estimated cost of setting up and finishing the home as well as the cost of manufacturing the home."
"Blu Homes","47","Modern","5","Origin","bh003","1944","2","1","1","155000","155000","http://www.bluhomes.com/homes/Origin","http://www.bluhomes.com/homes/Origin/floorplans/","Note that every Blu Homes price includes the estimated cost of setting up and finishing the home as well as the cost of manufacturing the home."
"Blu Homes","47","Modern","5","Glidehouse","bh004","2322","2","2","1","465000","465000","http://www.bluhomes.com/homes/glidehouse","http://www.bluhomes.com/homes/glidehouse/floorplans/","Note that every Blu Homes price includes the estimated cost of setting up and finishing the home as well as the cost of manufacturing the home."
"Blu Homes","47","Modern","5","Lofthouse","bh005","1920","3","3","2","446000","446000","http://www.bluhomes.com/homes/lofthouse","http://www.bluhomes.com/homes/lofthouse/floorplans/","Note that every Blu Homes price includes the estimated cost of setting up and finishing the home as well as the cost of manufacturing the home."
"Blu Homes","47","Modern","5","Balance","bh006","2160","3","2","1","465000","465000","http://www.bluhomes.com/homes/Balance","http://www.bluhomes.com/homes/Balance/floorplans/","Note that every Blu Homes price includes the estimated cost of setting up and finishing the home as well as the cost of manufacturing the home."
"Blu Homes","47","Modern","5","Element","bh008","1763","3","1.5","1","285000","285000","http://www.bluhomes.com/homes/Element","http://www.bluhomes.com/homes/Element/floorplans/","Note that every Blu Homes price includes the estimated cost of setting up and finishing the home as well as the cost of manufacturing the home."
"Champion Homes","49","Ranch","1","Champion 733T","ch002","2036","3","2","1","999999","999999","http://www.championhomes.com/floor-plans/DiveIn/MA/Great%20Barrington/Champion%20733T/8074?ZipCd=01230&RN=3&Lot=0&SearchRadius=50&Beds=0&Baths=0&Area=&UK=0&SR=0&HD=0&FH=0&MO=1&HouseType=&CPT=M","http://www.championhomes.com/floor-plans/DiveIn/MA/Great%20Barrington/Champion%20733T/8074?ZipCd=01230&RN=3&Lot=0&SearchRadius=50&Beds=0&Baths=0&Area=&UK=0&SR=0&HD=0&FH=0&MO=1&HouseType=&CPT=M",""
"Champion Homes","49","Ranch","1","The Madison 749","ch003","1493","3","2","1","999999","999999","http://www.championhomes.com/floor-plans/DiveIn/MA/Great%20Barrington/The%20Madison%20749/6765?ZipCd=01230&RN=4&Lot=0&SearchRadius=50&Beds=0&Baths=0&Area=&UK=0&SR=0&HD=0&FH=0&MO=1&HouseType=&CPT=M","http://www.championhomes.com/floor-plans/DiveIn/MA/Great%20Barrington/The%20Madison%20749/6765?ZipCd=01230&RN=4&Lot=0&SearchRadius=50&Beds=0&Baths=0&Area=&UK=0&SR=0&HD=0&FH=0&MO=1&HouseType=&CPT=M",""
"Champion Homes","49","Ranch","1","Champion 737","ch004","1493","3","2","1","999999","999999","http://www.championhomes.com/floor-plans/DiveIn/MA/Great%20Barrington/Champion%20737/6840?ZipCd=01230&RN=5&Lot=0&SearchRadius=50&Beds=0&Baths=0&Area=&UK=0&SR=0&HD=0&FH=0&MO=1&HouseType=&CPT=M","http://www.championhomes.com/floor-plans/DiveIn/MA/Great%20Barrington/Champion%20737/6840?ZipCd=01230&RN=5&Lot=0&SearchRadius=50&Beds=0&Baths=0&Area=&UK=0&SR=0&HD=0&FH=0&MO=1&HouseType=&CPT=M",""
"Champion Homes","49","Ranch","1","The Oneida","ch005","1440","3","2","1","999999","999999","http://www.championhomes.com/floor-plans/DiveIn/MA/Great%20Barrington/The%20Oneida%20728/8121?ZipCd=01230&RN=6&Lot=0&SearchRadius=50&Beds=0&Baths=0&Area=&UK=0&SR=0&HD=0&FH=0&MO=1&HouseType=&CPT=M","http://www.championhomes.com/floor-plans/DiveIn/MA/Great%20Barrington/The%20Oneida%20728/8121?ZipCd=01230&RN=6&Lot=0&SearchRadius=50&Beds=0&Baths=0&Area=&UK=0&SR=0&HD=0&FH=0&MO=1&HouseType=&CPT=M",""
"Champion Homes","49","Ranch","1","The St. Lawrence 753","ch006","1493","3","2","1","999999","999999","http://www.championhomes.com/floor-plans/DiveIn/MA/Great%20Barrington/The%20St.%20Lawrence%20753/8713?ZipCd=01230&RN=7&Lot=0&SearchRadius=50&Beds=0&Baths=0&Area=&UK=0&SR=0&HD=0&FH=0&MO=1&HouseType=&CPT=M","http://www.championhomes.com/floor-plans/DiveIn/MA/Great%20Barrington/The%20St.%20Lawrence%20753/8713?ZipCd=01230&RN=7&Lot=0&SearchRadius=50&Beds=0&Baths=0&Area=&UK=0&SR=0&HD=0&FH=0&MO=1&HouseType=&CPT=M",""
"Champion Homes","49","Ranch","1","The Jefferson 613","ch007","1280","3","2","1","999999","999999","http://www.championhomes.com/floor-plans/DiveIn/MA/Great%20Barrington/The%20Jefferson%20613/8714?ZipCd=01230&RN=8&Lot=0&SearchRadius=50&Beds=0&Baths=0&Area=&UK=0&SR=0&HD=0&FH=0&MO=1&HouseType=&CPT=M","http://www.championhomes.com/floor-plans/DiveIn/MA/Great%20Barrington/The%20Jefferson%20613/8714?ZipCd=01230&RN=8&Lot=0&SearchRadius=50&Beds=0&Baths=0&Area=&UK=0&SR=0&HD=0&FH=0&MO=1&HouseType=&CPT=M",""
"Champion Homes","49","Ranch","1","Redman B485","ch008","840","2","1","1","999999","999999","http://www.championhomes.com/floor-plans/DiveIn/MA/Great%20Barrington/Redman%20B485/7924?ZipCd=01230&RN=9&Lot=0&SearchRadius=50&Beds=0&Baths=0&Area=&UK=0&SR=0&HD=0&FH=0&MO=1&HouseType=&CPT=M","http://www.championhomes.com/floor-plans/DiveIn/MA/Great%20Barrington/Redman%20B485/7924?ZipCd=01230&RN=9&Lot=0&SearchRadius=50&Beds=0&Baths=0&Area=&UK=0&SR=0&HD=0&FH=0&MO=1&HouseType=&CPT=M",""
"Champion Homes","49","Ranch","1","Titan 768","ch009","2258","3","2.5","1","999999","999999","http://www.championhomes.com/floor-plans/MA/Great%20Barrington/Titan%20768/7304?ZipCd=01230&RN=10&Lot=0&SearchRadius=50&Beds=0&Baths=0&Area=&UK=0&SR=0&HD=0&FH=0&MO=1&HouseType=&CPT=M","http://www.championhomes.com/floor-plans/MA/Great%20Barrington/Titan%20768/7304?ZipCd=01230&RN=10&Lot=0&SearchRadius=50&Beds=0&Baths=0&Area=&UK=0&SR=0&HD=0&FH=0&MO=1&HouseType=&CPT=M",""
"Champion Homes","49","Two Story","5","Titan 658","ch010","2560","4","2.5","2","999999","999999","http://www.championhomes.com/floor-plans/MA/Great%20Barrington/Titan%20658/7342?ZipCd=&RN=11&Lot=0&SearchRadius=50&Beds=0&Baths=0&Area=&UK=0&SR=0&HD=0&FH=0&MO=1&CPT=M&HouseType=","http://www.championhomes.com/floor-plans/MA/Great%20Barrington/Titan%20658/7342?ZipCd=&RN=11&Lot=0&SearchRadius=50&Beds=0&Baths=0&Area=&UK=0&SR=0&HD=0&FH=0&MO=1&CPT=M&HouseType=",""
"Champion Homes","49","Ranch","1","Titan 720","ch011","1820","3","2","1","999999","999999","http://www.championhomes.com/floor-plans/MA/Great%20Barrington/Titan%20720/7306?ZipCd=01230&RN=11&Lot=0&SearchRadius=50&Beds=0&Baths=0&Area=&UK=0&SR=0&HD=0&FH=0&MO=1&HouseType=&CPT=M","http://www.championhomes.com/floor-plans/MA/Great%20Barrington/Titan%20720/7306?ZipCd=01230&RN=11&Lot=0&SearchRadius=50&Beds=0&Baths=0&Area=&UK=0&SR=0&HD=0&FH=0&MO=1&HouseType=&CPT=M",""
"Champion Homes","49","Ranch","1","Titan 750","ch012","1654","3","2","1","999999","999999","http://www.championhomes.com/floor-plans/MA/Great%20Barrington/Titan%20750/5923?ZipCd=01230&RN=12&Lot=0&SearchRadius=50&Beds=0&Baths=0&Area=&UK=0&SR=0&HD=0&FH=0&MO=1&HouseType=&CPT=M","http://www.championhomes.com/floor-plans/MA/Great%20Barrington/Titan%20750/5923?ZipCd=01230&RN=12&Lot=0&SearchRadius=50&Beds=0&Baths=0&Area=&UK=0&SR=0&HD=0&FH=0&MO=1&HouseType=&CPT=M",""
"Champion Homes","49","Cape Cod","4","Titan 606","ch014","1173","1","1","1","999999","999999","http://www.championhomes.com/floor-plans/MA/Great%20Barrington/Titan%20606/5927?ZipCd=01230&RN=33&Lot=0&SearchRadius=50&Beds=0&Baths=0&Area=&UK=0&SR=0&HD=0&FH=0&MO=1&HouseType=&CPT=M","http://www.championhomes.com/floor-plans/MA/Great%20Barrington/Titan%20606/5927?ZipCd=01230&RN=33&Lot=0&SearchRadius=50&Beds=0&Baths=0&Area=&UK=0&SR=0&HD=0&FH=0&MO=1&HouseType=&CPT=M",""
"Champion Homes","49","Chalet","2","Titan 646","ch015","1240","2","1","1","999999","999999","http://www.championhomes.com/floor-plans/MA/Great%20Barrington/Titan%20646/5928?ZipCd=01230&RN=37&Lot=0&SearchRadius=50&Beds=0&Baths=0&Area=&UK=0&SR=0&HD=0&FH=0&MO=1&HouseType=&CPT=M","http://www.championhomes.com/floor-plans/MA/Great%20Barrington/Titan%20646/5928?ZipCd=01230&RN=37&Lot=0&SearchRadius=50&Beds=0&Baths=0&Area=&UK=0&SR=0&HD=0&FH=0&MO=1&HouseType=&CPT=M",""
"Champion Homes","49","Mansion","8","Stonehaven","ch016","4516","3","2.5","1","999999","999999","http://www.championhomes.com/floor-plans/MA/Great%20Barrington/Stonehaven/7239?ZipCd=&RN=1&Lot=0&SearchRadius=100&Beds=0&Baths=0&Area=4000-5000&UK=0&SR=0&HD=0&FH=0&MO=1&HouseType=&CPT=M","http://www.championhomes.com/floor-plans/MA/Great%20Barrington/Stonehaven/7239?ZipCd=&RN=1&Lot=0&SearchRadius=100&Beds=0&Baths=0&Area=4000-5000&UK=0&SR=0&HD=0&FH=0&MO=1&HouseType=&CPT=M",""
"Discovery Custom Homes","89","Ranch","1","The Caroline","di001","1276","3","2","1","90000","225000","http://www.discoverycustomhomes.com/our_homes/caroline/index.asp","http://www.discoverycustomhomes.com/our_homes/caroline/index.asp",""
"Discovery Custom Homes","89","Ranch","1","The Lantana","di002","1524","3","2","1","100000","250000","http://www.discoverycustomhomes.com/our_homes/lantana/index.asp","http://www.discoverycustomhomes.com/our_homes/lantana/index.asp",""
"Discovery Custom Homes","89","Ranch","1","The Ashley","di003","1624","3","2.5","1","100000","250000","http://www.discoverycustomhomes.com/our_homes/ashley/index.asp","http://www.discoverycustomhomes.com/our_homes/ashley/index.asp",""
"Discovery Custom Homes","89","Ranch","1","The Emily","di004","1624","3","2.5","1","100000","250000","http://www.discoverycustomhomes.com/our_homes/emily/index.asp","http://www.discoverycustomhomes.com/our_homes/emily/index.asp",""
"Discovery Custom Homes","89","Ranch","1","The Wilmington","di005","1682","3","2","1","100000","250000","http://www.discoverycustomhomes.com/our_homes/wilmington/index.asp","http://www.discoverycustomhomes.com/our_homes/wilmington/index.asp",""
"Discovery Custom Homes","89","Ranch","1","The Buckeye Family","di006","1809","3","2","1","150000","375000","http://www.discoverycustomhomes.com/our_homes/buckeyefamily/index.asp","http://www.discoverycustomhomes.com/our_homes/buckeyefamily/index.asp",""
"Discovery Custom Homes","89","Ranch","1","The Deschutes","di007","2107","3","2","1","110000","275000","http://www.discoverycustomhomes.com/our_homes/deschutes/index.asp","http://www.discoverycustomhomes.com/our_homes/deschutes/index.asp",""
"Discovery Custom Homes","89","Ranch","1","The La Linda","di008","2229","3","2","1","160000","400000","http://www.discoverycustomhomes.com/our_homes/lalinda/index.asp","http://www.discoverycustomhomes.com/our_homes/lalinda/index.asp",""
"Discovery Custom Homes","89","Two Story","5","The Highland","di009","1970","1","1.5","1.5","110000","275000","http://www.discoverycustomhomes.com/our_homes/highland/index.asp","http://www.discoverycustomhomes.com/our_homes/highland/index.asp",""
"Discovery Custom Homes","89","Two Story","5","The Highlander","di010","2420","1","1.5","1.5","120000","300000","http://www.discoverycustomhomes.com/our_homes/highlander/index.asp","http://www.discoverycustomhomes.com/our_homes/highlander/index.asp",""
"Discovery Custom Homes","89","Cape Cod","4","The Ashley Cape","di011","2520","3","2.5","1.5","120000","300000","http://www.discoverycustomhomes.com/our_homes/ashleycape/index.asp","http://www.discoverycustomhomes.com/our_homes/ashleycape/index.asp",""
"Discovery Custom Homes","89","Two Story","5","The Radford","di012","1764","3","3.5","2","150000","375000","http://www.discoverycustomhomes.com/our_homes/radford/index.asp","http://www.discoverycustomhomes.com/our_homes/radford/index.asp",""
"Discovery Custom Homes","89","Two Story","5","The Glen Cairn","di013","1768","3","2.5","2","130000","325000","http://www.discoverycustomhomes.com/our_homes/glencairn/index.asp","http://www.discoverycustomhomes.com/our_homes/glencairn/index.asp",""
"Discovery Custom Homes","89","Two Story","5","The Katherine","di014","2320","4","2.5","2","150000","375000","http://www.discoverycustomhomes.com/our_homes/katherine/index.asp","http://www.discoverycustomhomes.com/our_homes/katherine/index.asp",""
"Discovery Custom Homes","89","Two Story","5","The Loudon","di015","2330","4","2.5","2","150000","375000","http://www.discoverycustomhomes.com/our_homes/loudon/index.asp","http://www.discoverycustomhomes.com/our_homes/loudon/index.asp",""
"Discovery Custom Homes","89","Two Story","5","The Cambria","di016","2640","4","2.5","2","180000","450000","http://www.discoverycustomhomes.com/our_homes/cambria/index.asp","http://www.discoverycustomhomes.com/our_homes/cambria/index.asp",""
"Discovery Custom Homes","89","Two Story","5","The Tularosa","di017","2939","4","3","2","190000","475000","http://www.discoverycustomhomes.com/our_homes/tularosa/index.asp","http://www.discoverycustomhomes.com/our_homes/tularosa/index.asp",""
"Discovery Custom Homes","89","Two Story","5","The Bimini","di018","3323","3","3.5","2","220000","550000","http://www.discoverycustomhomes.com/our_homes/bimini/index.asp","http://www.discoverycustomhomes.com/our_homes/bimini/index.asp",""
"Express Modular","31","Mansion","8","Cambridge","em001","4677","5","6","2","245693","614233","http://www.expressmodular.com/view_plan.php?id=812","http://www.expressmodular.com/view_plan.php?id=812",""
"Express Modular","31","Two Story","5","Adam","em002","2089","3","2.5","2","121000","302500","http://www.expressmodular.com/view_plan.php?id=790","http://www.expressmodular.com/view_plan.php?id=790",""
"Express Modular","31","Cape Cod","4","Adams","em003","1942","3","2","1","87495","218738","http://www.expressmodular.com/view_plan.php?id=158","http://www.expressmodular.com/view_plan.php?id=158",""
"Express Modular","31","Ranch","1","Afton Villa","em004","2760","4","3","1","188700","471750","http://www.expressmodular.com/view_plan.php?id=30","http://www.expressmodular.com/view_plan.php?id=30",""
"Express Modular","31","Ranch","1","Albany III","em005","1780","3","2","1","93668","234170","http://www.expressmodular.com/view_plan.php?id=772","http://www.expressmodular.com/view_plan.php?id=772",""
"Express Modular","31","Ranch","1","Alexandria","em006","1805","3","2","2","999999","999999","http://www.expressmodular.com/view_plan.php?id=849","http://www.expressmodular.com/view_plan.php?id=849",""
"Express Modular","31","Cape Cod","4","Alleghany","em007","1872","3","2","1","89312","223280","http://www.expressmodular.com/view_plan.php?id=159","http://www.expressmodular.com/view_plan.php?id=159",""
"Express Modular","31","Cape Cod","4","Allenwood","em008","1322","3","2","1","63366","158415","http://www.expressmodular.com/view_plan.php?id=830","http://www.expressmodular.com/view_plan.php?id=830",""
"Express Modular","31","Two Story","5","Anchor Mill","em009","2597","4","3.5","2","125036","312590","http://www.expressmodular.com/view_plan.php?id=4","http://www.expressmodular.com/view_plan.php?id=4",""
"Express Modular","31","Cape Cod","4","Anderson","em010","1760","3","2","1","79283","198208","http://www.expressmodular.com/view_plan.php?id=160","http://www.expressmodular.com/view_plan.php?id=160",""
"Express Modular","31","Cape Cod","4","Andover","em011","1804","3","2","1","97057","242643","http://www.expressmodular.com/view_plan.php?id=227","http://www.expressmodular.com/view_plan.php?id=227",""
"Express Modular","31","Ranch","1","Annapolis III","em012","1517","3","2","1","74715","186788","http://www.expressmodular.com/view_plan.php?id=817","http://www.expressmodular.com/view_plan.php?id=817",""
"Express Modular","31","Chalet","2","Apollo","em013","2090","3","2.5","2","104843","262108","http://www.expressmodular.com/view_plan.php?id=785","http://www.expressmodular.com/view_plan.php?id=785",""
"Express Modular","31","Ranch","1","Arbor","em014","1016","3","2","1","63984","159960","http://www.expressmodular.com/view_plan.php?id=228","http://www.expressmodular.com/view_plan.php?id=228",""
"Express Modular","31","Two Story","5","Arlington","em015","2384","3","2","2","127953","319883","http://www.expressmodular.com/view_plan.php?id=792","http://www.expressmodular.com/view_plan.php?id=792",""
"Express Modular","31","Cape Cod","4","Ashland","em016","1789","3","2","1","76209","190523","http://www.expressmodular.com/view_plan.php?id=229","http://www.expressmodular.com/view_plan.php?id=229",""
"Express Modular","31","Cape Cod","4","Aspen","em017","1040","2","1","1.5","63558","158895","http://www.expressmodular.com/view_plan.php?id=161","http://www.expressmodular.com/view_plan.php?id=161",""
"Express Modular","31","Two Story","5","Atherton","em018","2411","3","2.5","2","126067","315168","http://www.expressmodular.com/view_plan.php?id=794","http://www.expressmodular.com/view_plan.php?id=794",""
"Express Modular","31","Cape Cod","4","Auburn","em019","1344","3","2","1","78408","196020","http://www.expressmodular.com/view_plan.php?id=230","http://www.expressmodular.com/view_plan.php?id=230",""
"Express Modular","31","Cape Cod","4","Aurora","em020","1797","2","2","1.5","98458","246145","http://www.expressmodular.com/view_plan.php?id=231","http://www.expressmodular.com/view_plan.php?id=231",""
"Express Modular","31","Cape Cod","4","Bainbridge","em021","1840","3","2","1","109798","274495","http://www.expressmodular.com/view_plan.php?id=32","http://www.expressmodular.com/view_plan.php?id=32",""
"Express Modular","31","Cape Cod","4","Bar Harbor","em022","2277","3","2","1.5","87782","219455","http://www.expressmodular.com/view_plan.php?id=1043","http://www.expressmodular.com/view_plan.php?id=1043",""
"Express Modular","31","Cape Cod","4","Barclay","em023","1315","1","1.5","1.5","55015","137538","http://www.expressmodular.com/view_plan.php?id=622","http://www.expressmodular.com/view_plan.php?id=622",""
"Express Modular","31","Cape Cod","4","Bayshore","em024","1320","3","2","1","65454","163635","http://www.expressmodular.com/view_plan.php?id=163","http://www.expressmodular.com/view_plan.php?id=163",""
"Express Modular","31","Cape Cod","4","Bayville","em025","1184","3","2","1","70329","175823","http://www.expressmodular.com/view_plan.php?id=232","http://www.expressmodular.com/view_plan.php?id=232",""
"Express Modular","31","Cape Cod","4","Beach Haven 4","em026","1041","3","1","1","52195","130488","http://www.expressmodular.com/view_plan.php?id=769","http://www.expressmodular.com/view_plan.php?id=769",""
"Express Modular","31","Cape Cod","4","Bedford","em027","1183","2","2","1.5","68114","170285","http://www.expressmodular.com/view_plan.php?id=164","http://www.expressmodular.com/view_plan.php?id=164",""
"Express Modular","31","Cape Cod","4","Bellevue","em028","2191","3","2","1","138048","345120","http://www.expressmodular.com/view_plan.php?id=33","http://www.expressmodular.com/view_plan.php?id=33",""
"Express Modular","31","Two Story","5","Bellmeade","em029","2420","4","3.5","2","104857","262143","http://www.expressmodular.com/view_plan.php?id=623","http://www.expressmodular.com/view_plan.php?id=623",""
"Express Modular","31","Two Story","5","Belmont","em030","1462","3","1.5","2","85894","214735","http://www.expressmodular.com/view_plan.php?id=233","http://www.expressmodular.com/view_plan.php?id=233",""
"Express Modular","31","Cape Cod","4","Ben Harbor","em031","2752","3","2.5","1.5","133882","334705","http://www.expressmodular.com/view_plan.php?id=162","http://www.expressmodular.com/view_plan.php?id=162",""
"Express Modular","31","Two Story","5","Birchwood","em032","2692","4","2.5","2","151597","378993","http://www.expressmodular.com/view_plan.php?id=234","http://www.expressmodular.com/view_plan.php?id=234",""
"Express Modular","31","Ranch","1","Bishop","em033","1617","3","2","1","105428","263570","http://www.expressmodular.com/view_plan.php?id=34","http://www.expressmodular.com/view_plan.php?id=34",""
"Express Modular","31","Cape Cod","4","Bismark","em034","1434","3","2","1","68909","172273","http://www.expressmodular.com/view_plan.php?id=813","http://www.expressmodular.com/view_plan.php?id=813",""
"Express Modular","31","Cape Cod","4","Bloomfield","em035","1580","3","2","1.5","87460","218650","http://www.expressmodular.com/view_plan.php?id=13","http://www.expressmodular.com/view_plan.php?id=13",""
"Express Modular","31","Cape Cod","4","Blue Ridge","em036","1528","3","2","1","80775","201938","http://www.expressmodular.com/view_plan.php?id=6","http://www.expressmodular.com/view_plan.php?id=6",""
"Express Modular","31","Cape Cod","4","Bradbury","em037","2243","3","2.5","2","144064","360160","http://www.expressmodular.com/view_plan.php?id=793","http://www.expressmodular.com/view_plan.php?id=793",""
"Express Modular","31","Cape Cod","4","Branson","em038","1515","3","2.5","1.5","82933","207333","http://www.expressmodular.com/view_plan.php?id=624","http://www.expressmodular.com/view_plan.php?id=624",""
"Express Modular","31","Cape Cod","4","Brentwood 3A","em039","1100","3","1","1","56127","140318","http://www.expressmodular.com/view_plan.php?id=66","http://www.expressmodular.com/view_plan.php?id=66",""
"Express Modular","31","Mansion","8","Briarcliff","em040","5230","4","3.5","2","249665","624163","http://www.expressmodular.com/view_plan.php?id=146","http://www.expressmodular.com/view_plan.php?id=146",""
"Express Modular","31","Cape Cod","4","Briarwood","em041","1448","3","2","2","66904","167260","http://www.expressmodular.com/view_plan.php?id=814","http://www.expressmodular.com/view_plan.php?id=814",""
"Express Modular","31","Cape Cod","4","Brigham","em042","2303","3","2.5","1","126978","317445","http://www.expressmodular.com/view_plan.php?id=822","http://www.expressmodular.com/view_plan.php?id=822",""
"Express Modular","31","Cape Cod","4","Brisben","em043","1743","3","2","1","103147","257868","http://www.expressmodular.com/view_plan.php?id=235","http://www.expressmodular.com/view_plan.php?id=235",""
"Express Modular","31","Chalet","2","Brittney","em044","1495","3","2","1","56164","140410","http://www.expressmodular.com/view_plan.php?id=69","http://www.expressmodular.com/view_plan.php?id=69",""
"Express Modular","31","Cape Cod","4","Brockway","em045","1210","2","1","1.5","76164","190410","http://www.expressmodular.com/view_plan.php?id=80","http://www.expressmodular.com/view_plan.php?id=80",""
"Express Modular","31","Cape Cod","4","Brookside","em046","2126","3","2","1.5","109203","273008","http://www.expressmodular.com/view_plan.php?id=14","http://www.expressmodular.com/view_plan.php?id=14",""
"Express Modular","31","Cape Cod","4","Brookside B","em047","1409","4","2","1","69545","173863","http://www.expressmodular.com/view_plan.php?id=236","http://www.expressmodular.com/view_plan.php?id=236",""
"Express Modular","31","Mansion","8","Brunswick","em048","6503","5","5.5","2","317841","794603","http://www.expressmodular.com/view_plan.php?id=147","http://www.expressmodular.com/view_plan.php?id=147",""
"Express Modular","31","Cape Cod","4","Bryant","em049","1356","4","2","1","70921","177303","http://www.expressmodular.com/view_plan.php?id=237","http://www.expressmodular.com/view_plan.php?id=237",""
"Express Modular","31","Mansion","8","Buckingham","em050","4807","4","3.5","2","282662","706655","http://www.expressmodular.com/view_plan.php?id=148","http://www.expressmodular.com/view_plan.php?id=148",""
"Express Modular","31","Cape Cod","4","Burlington","em051","1456","3","2","1","73514","183785","http://www.expressmodular.com/view_plan.php?id=165","http://www.expressmodular.com/view_plan.php?id=165",""
"Express Modular","31","Cape Cod","4","Burlington III","em052","1511","4","2.5","1","71399","178498","http://www.expressmodular.com/view_plan.php?id=837","http://www.expressmodular.com/view_plan.php?id=837",""
"Express Modular","31","Cape Cod","4","Buttonwood","em053","1529","3","2","1","97192","242980","http://www.expressmodular.com/view_plan.php?id=35","http://www.expressmodular.com/view_plan.php?id=35",""
"Express Modular","31","Two Story","5","Cadet","em054","2197","3","2.5","2","139975","349938","http://www.expressmodular.com/view_plan.php?id=70","http://www.expressmodular.com/view_plan.php?id=70",""
"Express Modular","31","Cape Cod","4","Cadwell","em055","2025","3","2.5","1","131355","328388","http://www.expressmodular.com/view_plan.php?id=36","http://www.expressmodular.com/view_plan.php?id=36",""
"Express Modular","31","Cape Cod","4","Calloway","em056","1330","3","2","1","64675","161688","http://www.expressmodular.com/view_plan.php?id=838","http://www.expressmodular.com/view_plan.php?id=838",""
"Express Modular","31","Cape Cod","4","Cambria","em057","1406","4","2","1","74287","185718","http://www.expressmodular.com/view_plan.php?id=238","http://www.expressmodular.com/view_plan.php?id=238",""
"Express Modular","31","Mansion","8","Cambridge","em058","4677","5","6","2","245693","614233","http://www.expressmodular.com/view_plan.php?id=812","http://www.expressmodular.com/view_plan.php?id=812",""
"Express Modular","31","Cape Cod","4","Cameron I","em059","1822","3","3","1.5","69129","172823","http://www.expressmodular.com/view_plan.php?id=1058","http://www.expressmodular.com/view_plan.php?id=1058",""
"Express Modular","31","Cape Cod","4","Cameron II","em060","2001","4","2","1.5","65388","163470","http://www.expressmodular.com/view_plan.php?id=1053","http://www.expressmodular.com/view_plan.php?id=1053",""
"Express Modular","31","Cape Cod","4","Cameron III","em061","2246","3","3","1.5","72325","180813","http://www.expressmodular.com/view_plan.php?id=1063","http://www.expressmodular.com/view_plan.php?id=1063",""
"Express Modular","31","Cape Cod","4","Cameron IV","em062","2622","3","3","1.5","84689","211723","http://www.expressmodular.com/view_plan.php?id=1054","http://www.expressmodular.com/view_plan.php?id=1054",""
"Express Modular","31","Cape Cod","4","Cape Ann","em063","1103","2","1","2","64988","162470","http://www.expressmodular.com/view_plan.php?id=848","http://www.expressmodular.com/view_plan.php?id=848",""
"Express Modular","31","Cape Cod","4","Cape Avon","em064","1707","1","1.5","2","103758","259395","http://www.expressmodular.com/view_plan.php?id=826","http://www.expressmodular.com/view_plan.php?id=826",""
"Express Modular","31","Cape Cod","4","Cape Chelsey 1A","em065","1193","1","1.5","1.5","85206","213015","http://www.expressmodular.com/view_plan.php?id=81","http://www.expressmodular.com/view_plan.php?id=81",""
"Express Modular","31","Cape Cod","4","4 1A","em066","1276","1","1.5","1.5","60650","151625","http://www.expressmodular.com/view_plan.php?id=82","http://www.expressmodular.com/view_plan.php?id=82",""
"Express Modular","31","Cape Cod","4","Cape Coral","em067","1214","2","1","2","67240","168100","http://www.expressmodular.com/view_plan.php?id=847","http://www.expressmodular.com/view_plan.php?id=847",""
"Express Modular","31","Cape Cod","4","Cape Ellsworth","em068","1707","3","2.5","2","107687","269218","http://www.expressmodular.com/view_plan.php?id=827","http://www.expressmodular.com/view_plan.php?id=827",""
"Express Modular","31","Cape Cod","4","Cape May","em069","1270","3","1.5","2","69610","174025","http://www.expressmodular.com/view_plan.php?id=825","http://www.expressmodular.com/view_plan.php?id=825",""
"Express Modular","31","Cape Cod","4","Cape Superior","em070","1103","1","1","1","61590","153975","http://www.expressmodular.com/view_plan.php?id=824","http://www.expressmodular.com/view_plan.php?id=824",""
"Express Modular","31","Cape Cod","4","Cape Vincent","em071","976","2","1","1.5","57625","144063","http://www.expressmodular.com/view_plan.php?id=83","http://www.expressmodular.com/view_plan.php?id=83",""
"Express Modular","31","Cape Cod","4","Carbondale","em072","2809","4","2.5","2","164051","410128","http://www.expressmodular.com/view_plan.php?id=84","http://www.expressmodular.com/view_plan.php?id=84",""
"Express Modular","31","Cape Cod","4","Carlisle","em073","1841","3","2.5","1.5","70655","176638","http://www.expressmodular.com/view_plan.php?id=625","http://www.expressmodular.com/view_plan.php?id=625",""
"Express Modular","31","Chalet","2","Carlsbad","em074","1056","3","1.5","1","57032","142580","http://www.expressmodular.com/view_plan.php?id=782","http://www.expressmodular.com/view_plan.php?id=782",""
"Express Modular","31","Cape Cod","4","Carlton","em075","2276","2","1.5","2","116320","290800","http://www.expressmodular.com/view_plan.php?id=130","http://www.expressmodular.com/view_plan.php?id=130",""
"Express Modular","31","Cape Cod","4","Carroll","em076","1520","2","1","1","79052","197630","http://www.expressmodular.com/view_plan.php?id=125","http://www.expressmodular.com/view_plan.php?id=125",""
"Express Modular","31","Cape Cod","4","Carter Estates","em077","1664","3","2","1","77838","194595","http://www.expressmodular.com/view_plan.php?id=166","http://www.expressmodular.com/view_plan.php?id=166",""
"Express Modular","31","Chalet","2","Catskill","em078","1210","2","1","1.5","68591","171478","http://www.expressmodular.com/view_plan.php?id=85","http://www.expressmodular.com/view_plan.php?id=85",""
"Express Modular","31","Chalet","2","Cedar Lake I","em079","1103","2","1","1","65760","164400","http://www.expressmodular.com/view_plan.php?id=823","http://www.expressmodular.com/view_plan.php?id=823",""
"Express Modular","31","Cape Cod","4","Centralia","em080","2555","3","2.5","1","167555","418888","http://www.expressmodular.com/view_plan.php?id=37","http://www.expressmodular.com/view_plan.php?id=37",""
"Express Modular","31","Cape Cod","4","Chalco Pointe","em081","1583","3","2","1","93694","234235","http://www.expressmodular.com/view_plan.php?id=15","http://www.expressmodular.com/view_plan.php?id=15",""
"Express Modular","31","Two Story","5","Charlotte AH","em082","2253","3","2.5","2","98707","246768","http://www.expressmodular.com/view_plan.php?id=626","http://www.expressmodular.com/view_plan.php?id=626",""
"Express Modular","31","Cape Cod","4","Chatham Cape","em083","3265","3","3","1.5","166721","416803","http://www.expressmodular.com/view_plan.php?id=149","http://www.expressmodular.com/view_plan.php?id=149",""
"Express Modular","31","Cape Cod","4","Chatham I","em084","1846","3","2","1","106061","265153","http://www.expressmodular.com/view_plan.php?id=820","http://www.expressmodular.com/view_plan.php?id=820",""
"Express Modular","31","Cape Cod","4","Chatham II","em085","1980","3","3","1.5","69832","174580","http://www.expressmodular.com/view_plan.php?id=1057","http://www.expressmodular.com/view_plan.php?id=1057",""
"Express Modular","31","Cape Cod","4","Cherry Hill","em086","1160","3","1.5","1","64818","162045","http://www.expressmodular.com/view_plan.php?id=86","http://www.expressmodular.com/view_plan.php?id=86",""
"Express Modular","31","Two Story","5","Chesapeake","em087","2035","3","2.5","2","85053","212633","http://www.expressmodular.com/view_plan.php?id=776","http://www.expressmodular.com/view_plan.php?id=776",""
"Express Modular","31","Two Story","5","Chesapeake I","em088","1980","3","2","2","86320","215800","http://www.expressmodular.com/view_plan.php?id=789","http://www.expressmodular.com/view_plan.php?id=789",""
"Express Modular","31","Cape Cod","4","Cheshire","em089","1815","4","2.5","2","75454","188635","http://www.expressmodular.com/view_plan.php?id=154","http://www.expressmodular.com/view_plan.php?id=154",""
"Express Modular","31","Cape Cod","4","Cheshire II","em090","1815","4","2.5","2","75454","188635","http://www.expressmodular.com/view_plan.php?id=155","http://www.expressmodular.com/view_plan.php?id=155",""
"Express Modular","31","Cape Cod","4","Chesterbrook","em091","1817","3","2","1","106579","266448","http://www.expressmodular.com/view_plan.php?id=38","http://www.expressmodular.com/view_plan.php?id=38",""
"Express Modular","31","Cape Cod","4","Chicago","em092","2628","4","2.5","2","108664","271660","http://www.expressmodular.com/view_plan.php?id=168","http://www.expressmodular.com/view_plan.php?id=168",""
"Express Modular","31","Cape Cod","4","Clarion","em093","1356","3","2","1","71913","179783","http://www.expressmodular.com/view_plan.php?id=239","http://www.expressmodular.com/view_plan.php?id=239",""
"Express Modular","31","Cape Cod","4","Clermont","em094","2862","4","3","2","113259","283148","http://www.expressmodular.com/view_plan.php?id=775","http://www.expressmodular.com/view_plan.php?id=775",""
"Express Modular","31","Cape Cod","4","Collins","em095","1667","3","2","1","87893","219733","http://www.expressmodular.com/view_plan.php?id=819","http://www.expressmodular.com/view_plan.php?id=819",""
"Express Modular","31","Cape Cod","4","Columbia","em096","1586","3","2","1","81215","203038","http://www.expressmodular.com/view_plan.php?id=169","http://www.expressmodular.com/view_plan.php?id=169",""
"Express Modular","31","Cape Cod","4","Columbia II","em097","1484","3","2","1","72885","182213","http://www.expressmodular.com/view_plan.php?id=816","http://www.expressmodular.com/view_plan.php?id=816",""
"Express Modular","31","Two Story","5","Contenental 3A","em098","2163","4","2.5","2","88434","221085","http://www.expressmodular.com/view_plan.php?id=87","http://www.expressmodular.com/view_plan.php?id=87",""
"Express Modular","31","Two Story","5","Continental 6A","em099","2280","3","2.5","2","91373","228433","http://www.expressmodular.com/view_plan.php?id=88","http://www.expressmodular.com/view_plan.php?id=88",""
"Express Modular","31","Mansion","8","Cornell","em100","4046","4","2.5","2","181717","454293","http://www.expressmodular.com/view_plan.php?id=810","http://www.expressmodular.com/view_plan.php?id=810",""
"Express Modular","31","Cape Cod","4","Courtney","em101","2071","3","2","1","66909","167273","http://www.expressmodular.com/view_plan.php?id=133","http://www.expressmodular.com/view_plan.php?id=133",""
"Express Modular","31","Cape Cod","4","Courtney SL","em102","2071","3","2","1.5","66909","167273","http://www.expressmodular.com/view_plan.php?id=132","http://www.expressmodular.com/view_plan.php?id=132",""
"Express Modular","31","Cape Cod","4","Coventry","em103","2071","3","2","1","102169","255423","http://www.expressmodular.com/view_plan.php?id=240","http://www.expressmodular.com/view_plan.php?id=240",""
"Express Modular","31","Cape Cod","4","Craftsman Bungalow","em104","771","2","2.5","1","63350","158375","http://www.expressmodular.com/view_plan.php?id=119","http://www.expressmodular.com/view_plan.php?id=119",""
"Express Modular","31","Two Story","5","Craftsman Cottage","em105","945","2","1","2","69064","172660","http://www.expressmodular.com/view_plan.php?id=120","http://www.expressmodular.com/view_plan.php?id=120",""
"Express Modular","31","Cape Cod","4","Crestwood 2A","em106","1540","3","2","1","86083","215208","http://www.expressmodular.com/view_plan.php?id=89","http://www.expressmodular.com/view_plan.php?id=89",""
"Express Modular","31","Cape Cod","4","Crestwood 3A","em107","1529","4","1.5","1","68018","170045","http://www.expressmodular.com/view_plan.php?id=90","http://www.expressmodular.com/view_plan.php?id=90",""
"Express Modular","31","Cape Cod","4","Crestwood 4A","em108","1529","3","2","1","70005","175013","http://www.expressmodular.com/view_plan.php?id=91","http://www.expressmodular.com/view_plan.php?id=91",""
"Express Modular","31","Cape Cod","4","Crestwood 5A","em109","1591","3","2","1","69614","174035","http://www.expressmodular.com/view_plan.php?id=92","http://www.expressmodular.com/view_plan.php?id=92",""
"Express Modular","31","Cape Cod","4","Cumberland","em110","2016","3","2.5","1","125493","313733","http://www.expressmodular.com/view_plan.php?id=39","http://www.expressmodular.com/view_plan.php?id=39",""
"Express Modular","31","Cape Cod","4","Currituk","em111","2473","4","2","1.5","102805","257013","http://www.expressmodular.com/view_plan.php?id=1052","http://www.expressmodular.com/view_plan.php?id=1052",""
"Express Modular","31","Cape Cod","4","Dartmouth","em112","2194","3","2.5","1.5","72144","180360","http://www.expressmodular.com/view_plan.php?id=1062","http://www.expressmodular.com/view_plan.php?id=1062",""
"Express Modular","31","Two Story","5","Deer Park","em113","2397","4","2.5","2","114721","286803","http://www.expressmodular.com/view_plan.php?id=16","http://www.expressmodular.com/view_plan.php?id=16",""
"Express Modular","31","Chalet","2","Deercroft","em114","946","2","1","1","70728","176820","http://www.expressmodular.com/view_plan.php?id=9","http://www.expressmodular.com/view_plan.php?id=9",""
"Express Modular","31","Cape Cod","4","Deerwood","em115","1890","3","2","1","115256","288140","http://www.expressmodular.com/view_plan.php?id=40","http://www.expressmodular.com/view_plan.php?id=40",""
"Express Modular","31","Cape Cod","4","Delaware","em116","1144","2","1","1","66488","166220","http://www.expressmodular.com/view_plan.php?id=170","http://www.expressmodular.com/view_plan.php?id=170",""
"Express Modular","31","Cape Cod","4","Delmar Cape","em117","880","3","2.5","1.5","53357","133393","http://www.expressmodular.com/view_plan.php?id=156","http://www.expressmodular.com/view_plan.php?id=156",""
"Express Modular","31","Cape Cod","4","Denver II","em118","1608","3","2","1","75455","188638","http://www.expressmodular.com/view_plan.php?id=833","http://www.expressmodular.com/view_plan.php?id=833",""
"Express Modular","31","Two Story","5","Devylyn","em119","2924","4","3.5","2","168373","420933","http://www.expressmodular.com/view_plan.php?id=71","http://www.expressmodular.com/view_plan.php?id=71",""
"Express Modular","31","Cape Cod","4","Dillworth","em120","1733","3","2","1","109455","273638","http://www.expressmodular.com/view_plan.php?id=41","http://www.expressmodular.com/view_plan.php?id=41",""
"Express Modular","31","Cape Cod","4","Drake","em121","1235","3","2","1","67440","168600","http://www.expressmodular.com/view_plan.php?id=241","http://www.expressmodular.com/view_plan.php?id=241",""
"Express Modular","31","Cape Cod","4","Durham","em122","1311","3","2","1","65174","162935","http://www.expressmodular.com/view_plan.php?id=835","http://www.expressmodular.com/view_plan.php?id=835",""
"Express Modular","31","Cape Cod","4","East Bay","em123","1376","1","1.5","1.5","78990","197475","http://www.expressmodular.com/view_plan.php?id=172","http://www.expressmodular.com/view_plan.php?id=172",""
"Express Modular","31","Cape Cod","4","Easton","em124","2088","3","2","1","124514","311285","http://www.expressmodular.com/view_plan.php?id=93","http://www.expressmodular.com/view_plan.php?id=93",""
"Express Modular","31","Two Story","5","Eastwood","em125","2418","4","3.5","2","90178","225445","http://www.expressmodular.com/view_plan.php?id=134#","http://www.expressmodular.com/view_plan.php?id=134#",""
"Express Modular","31","Cape Cod","4","Echo Hills","em126","1640","3","2","1.5","86642","216605","http://www.expressmodular.com/view_plan.php?id=17","http://www.expressmodular.com/view_plan.php?id=17",""
"Express Modular","31","Two Story","5","Edgelvale","em127","2594","4","2.5","2","124195","310488","http://www.expressmodular.com/view_plan.php?id=18","http://www.expressmodular.com/view_plan.php?id=18",""
"Express Modular","31","Cape Cod","4","Edgemont","em128","1808","3","2","1","116194","290485","http://www.expressmodular.com/view_plan.php?id=42","http://www.expressmodular.com/view_plan.php?id=42",""
"Express Modular","31","Cape Cod","4","Edgewood II","em129","1440","2","2","2","70650","176625","http://www.expressmodular.com/view_plan.php?id=781","http://www.expressmodular.com/view_plan.php?id=781",""
"Express Modular","31","Two Story","5","Edison","em130","2734","4","2.5","2","95665","239163","http://www.expressmodular.com/view_plan.php?id=94","http://www.expressmodular.com/view_plan.php?id=94",""
"Express Modular","31","Two Story","5","Elderberry","em131","2990","3","2.5","2","130113","325283","http://www.expressmodular.com/view_plan.php?id=802","http://www.expressmodular.com/view_plan.php?id=802",""
"Express Modular","31","Chalet","2","Essex Cape","em132","1040","2","1","1.5","62994","157485","http://www.expressmodular.com/view_plan.php?id=173","http://www.expressmodular.com/view_plan.php?id=173",""
"Express Modular","31","Cape Cod","4","Fairacres","em133","1754","3","2","1.5","92581","231453","http://www.expressmodular.com/view_plan.php?id=19","http://www.expressmodular.com/view_plan.php?id=19",""
"Express Modular","31","Cape Cod","4","Fairfax","em134","2232","3","1.5","2","109883","274708","http://www.expressmodular.com/view_plan.php?id=129","http://www.expressmodular.com/view_plan.php?id=129",""
"Express Modular","31","Cape Cod","4","Fairfeild","em135","1324","3","2","1","65343","163358","http://www.expressmodular.com/view_plan.php?id=135","http://www.expressmodular.com/view_plan.php?id=135",""
"Express Modular","31","Two Story","5","Fairmont","em136","2487","3","2.5","2","107506","268765","http://www.expressmodular.com/view_plan.php?id=243","http://www.expressmodular.com/view_plan.php?id=243",""
"Express Modular","31","Two Story","5","Fairview","em137","2003","3","2.5","2","116711","291778","http://www.expressmodular.com/view_plan.php?id=20","http://www.expressmodular.com/view_plan.php?id=20",""
"Express Modular","31","Ranch","1","Faulkner","em138","1650","3","2","1","98346","245865","http://www.expressmodular.com/view_plan.php?id=43","http://www.expressmodular.com/view_plan.php?id=43",""
"Express Modular","31","Ranch","1","Fenwick","em139","1677","3","2","1","110513","276283","http://www.expressmodular.com/view_plan.php?id=44","http://www.expressmodular.com/view_plan.php?id=44",""
"Express Modular","31","Cape Cod","4","Franklin II","em140","1214","3","2","1","61559","153898","http://www.expressmodular.com/view_plan.php?id=836","http://www.expressmodular.com/view_plan.php?id=836",""
"Express Modular","31","Cape Cod","4","Freedom","em141","1152","3","2","1","56832","142080","http://www.expressmodular.com/view_plan.php?id=95","http://www.expressmodular.com/view_plan.php?id=95",""
"Express Modular","31","Cape Cod","4","Freeport","em142","2111","3","2","1.5","73877","184693","http://www.expressmodular.com/view_plan.php?id=1067","http://www.expressmodular.com/view_plan.php?id=1067",""
"Express Modular","31","Two Story","5","Fulton","em143","3216","6","2.5","2","123758","309395","http://www.expressmodular.com/view_plan.php?id=808","http://www.expressmodular.com/view_plan.php?id=808",""
"Express Modular","31","Cape Cod","4","Geneva","em144","1560","3","2","1","103924","259810","http://www.expressmodular.com/view_plan.php?id=45","http://www.expressmodular.com/view_plan.php?id=45",""
"Express Modular","31","Two Story","5","Georgetown","em145","2772","3","2.5","2","109417","273543","http://www.expressmodular.com/view_plan.php?id=176","http://www.expressmodular.com/view_plan.php?id=176",""
"Express Modular","31","Two Story","5","Georgetown I","em146","2091","3","2.5","2","88394","220985","http://www.expressmodular.com/view_plan.php?id=791","http://www.expressmodular.com/view_plan.php?id=791",""
"Express Modular","31","Cape Cod","4","Gillette","em147","1508","3","1.5","2","69111","172778","http://www.expressmodular.com/view_plan.php?id=177","http://www.expressmodular.com/view_plan.php?id=177",""
"Express Modular","31","Mansion","8","Gladstone","em148","4284","4","3.5","2","214637","536593","http://www.expressmodular.com/view_plan.php?id=811","http://www.expressmodular.com/view_plan.php?id=811",""
"Express Modular","31","Two Story","5","Glen Springs","em149","2554","4","3.5","2","135785","339463","http://www.expressmodular.com/view_plan.php?id=21","http://www.expressmodular.com/view_plan.php?id=21",""
"Express Modular","31","Cape Cod","4","Glenside","em150","1164","3","2","1","70656","176640","http://www.expressmodular.com/view_plan.php?id=246","http://www.expressmodular.com/view_plan.php?id=246",""
"Express Modular","31","Cape Cod","4","Glenwood","em151","1652","3","2","1","114930","287325","http://www.expressmodular.com/view_plan.php?id=178","http://www.expressmodular.com/view_plan.php?id=178",""
"Express Modular","31","Cape Cod","4","Gordon","em152","1256","3","2.5","1","65645","164113","http://www.expressmodular.com/view_plan.php?id=627","http://www.expressmodular.com/view_plan.php?id=627",""
"Express Modular","31","Two Story","5","Gracin","em153","2634","4","2.5","2","167501","418753","http://www.expressmodular.com/view_plan.php?id=72","http://www.expressmodular.com/view_plan.php?id=72",""
"Express Modular","31","Cape Cod","4","Graham","em154","1430","3","1.5","2","72975","182438","http://www.expressmodular.com/view_plan.php?id=136","http://www.expressmodular.com/view_plan.php?id=136",""
"Express Modular","31","Cape Cod","4","Graham II","em155","1820","4","2.5","2","97039","242598","http://www.expressmodular.com/view_plan.php?id=137","http://www.expressmodular.com/view_plan.php?id=137",""
"Express Modular","31","Cape Cod","4","Graham III","em156","1430","3","1.5","2","84778","211945","http://www.expressmodular.com/view_plan.php?id=138","http://www.expressmodular.com/view_plan.php?id=138",""
"Express Modular","31","Mansion","8","Grand Manor","em157","5640","4","2.5","2","234912","587280","http://www.expressmodular.com/view_plan.php?id=150","http://www.expressmodular.com/view_plan.php?id=150",""
"Express Modular","31","Ranch","1","Grant","em158","2456","3","2.5","1","107478","268695","http://www.expressmodular.com/view_plan.php?id=179","http://www.expressmodular.com/view_plan.php?id=179",""
"Express Modular","31","Ranch","1","Greenwood","em159","1525","3","2","1","107351","268378","http://www.expressmodular.com/view_plan.php?id=46","http://www.expressmodular.com/view_plan.php?id=46",""
"Express Modular","31","Colonial","3","Guthrie","em160","2200","3","2.5","2","94409","236023","http://www.expressmodular.com/view_plan.php?id=628","http://www.expressmodular.com/view_plan.php?id=628",""
"Express Modular","31","Two Story","5","Hamilton 1A","em161","2559","4","2.5","2","142482","356205","http://www.expressmodular.com/view_plan.php?id=96","http://www.expressmodular.com/view_plan.php?id=96",""
"Express Modular","31","Two Story","5","Hamilton 2A","em162","2377","4","2.5","2","104622","261555","http://www.expressmodular.com/view_plan.php?id=97","http://www.expressmodular.com/view_plan.php?id=97",""
"Express Modular","31","Cape Cod","4","Hamilton DH","em163","1797","2","2","1.5","98458","246145","http://www.expressmodular.com/view_plan.php?id=247","http://www.expressmodular.com/view_plan.php?id=247",""
"Express Modular","31","Two Story","5","Hampshire","em164","2681","4","3.5","2","151559","378898","http://www.expressmodular.com/view_plan.php?id=248","http://www.expressmodular.com/view_plan.php?id=248",""
"Express Modular","31","Two Story","5","Hampton","em165","3184","3","3","2","132268","330670","http://www.expressmodular.com/view_plan.php?id=180","http://www.expressmodular.com/view_plan.php?id=180",""
"Express Modular","31","Cape Cod","4","Hancock","em166","1059","2","2","1.5","69405","173513","http://www.expressmodular.com/view_plan.php?id=249","http://www.expressmodular.com/view_plan.php?id=249",""
"Express Modular","31","Cape Cod","4","Harrison","em167","1529","3","2","1","75268","188170","http://www.expressmodular.com/view_plan.php?id=181","http://www.expressmodular.com/view_plan.php?id=181",""
"Express Modular","31","Two Story","5","Harrison I","em168","2304","3","2.5","2","114307","285768","http://www.expressmodular.com/view_plan.php?id=795","http://www.expressmodular.com/view_plan.php?id=795",""
"Express Modular","31","Two Story","5","Harrison II","em169","2304","3","2.5","2","114307","285768","http://www.expressmodular.com/view_plan.php?id=846","http://www.expressmodular.com/view_plan.php?id=846",""
"Express Modular","31","Cape Cod","4","Hartford","em170","2080","3","2.5","2","92665","231663","http://www.expressmodular.com/view_plan.php?id=182","http://www.expressmodular.com/view_plan.php?id=182",""
"Express Modular","31","Cape Cod","4","Hartwick","em171","1320","3","2.5","1","70631","176578","http://www.expressmodular.com/view_plan.php?id=183","http://www.expressmodular.com/view_plan.php?id=183",""
"Express Modular","31","Cape Cod","4","Harwich","em172","1700","3","2.5","1.5","87817","219543","http://www.expressmodular.com/view_plan.php?id=157","http://www.expressmodular.com/view_plan.php?id=157",""
"Express Modular","31","Colonial","3","Hastings","em173","2596","4","2.5","2","122053","305133","http://www.expressmodular.com/view_plan.php?id=796","http://www.expressmodular.com/view_plan.php?id=796",""
"Express Modular","31","Cape Cod","4","Hatteras","em174","2110","3","3","1.5","68343","170858","http://www.expressmodular.com/view_plan.php?id=1060","http://www.expressmodular.com/view_plan.php?id=1060",""
"Express Modular","31","Cape Cod","4","Hatteras Cape","em175","1443","1","2","1.5","75999","189998","http://www.expressmodular.com/view_plan.php?id=184","http://www.expressmodular.com/view_plan.php?id=184",""
"Express Modular","31","Ranch","1","Hayward","em176","1644","3","2.5","1","78289","195723","http://www.expressmodular.com/view_plan.php?id=629","http://www.expressmodular.com/view_plan.php?id=629",""
"Express Modular","31","Mansion","8","Hazelwood","em177","4424","4","4","1.5","154470","386175","http://www.expressmodular.com/view_plan.php?id=1064","http://www.expressmodular.com/view_plan.php?id=1064",""
"Express Modular","31","Ranch","1","Henderson","em178","1559","3","2","1","75146","187865","http://www.expressmodular.com/view_plan.php?id=139","http://www.expressmodular.com/view_plan.php?id=139",""
"Express Modular","31","Two Story","5","Heritage","em179","1870","3","2.5","2","110755","276888","http://www.expressmodular.com/view_plan.php?id=185","http://www.expressmodular.com/view_plan.php?id=185",""
"Express Modular","31","Two Story","5","Hickory","em180","2619","3","2.5","2","162114","405285","http://www.expressmodular.com/view_plan.php?id=73","http://www.expressmodular.com/view_plan.php?id=73",""
"Express Modular","31","Two Story","5","Highland","em181","2458","4","3.5","2","120732","301830","http://www.expressmodular.com/view_plan.php?id=22","http://www.expressmodular.com/view_plan.php?id=22",""
"Express Modular","31","Ranch","1","Highland I","em182","3597","4","3","1.5","136433","341083","http://www.expressmodular.com/view_plan.php?id=1072","http://www.expressmodular.com/view_plan.php?id=1072",""
"Express Modular","31","Two Story","5","Hillsdale","em183","2132","3","2.5","2","103714","259285","http://www.expressmodular.com/view_plan.php?id=23","http://www.expressmodular.com/view_plan.php?id=23",""
"Express Modular","31","Ranch","1","Hood","em184","1540","3","2","1","77380","193450","http://www.expressmodular.com/view_plan.php?id=186","http://www.expressmodular.com/view_plan.php?id=186",""
"Express Modular","31","Ranch","1","Hudson","em185","1612","3","2","1","76256","190640","http://www.expressmodular.com/view_plan.php?id=187","http://www.expressmodular.com/view_plan.php?id=187",""
"Express Modular","31","Ranch","1","Humbolt","em186","1760","3","2","1.5","82776","206940","http://www.expressmodular.com/view_plan.php?id=188","http://www.expressmodular.com/view_plan.php?id=188",""
"Express Modular","31","Cape Cod","4","Huntington","em187","1248","3","2","1","65485","163713","http://www.expressmodular.com/view_plan.php?id=189","http://www.expressmodular.com/view_plan.php?id=189",""
"Express Modular","31","Cape Cod","4","Huntington I","em188","1977","3","3","1.5","68353","170883","http://www.expressmodular.com/view_plan.php?id=1055","http://www.expressmodular.com/view_plan.php?id=1055",""
"Express Modular","31","Cape Cod","4","Huntington II","em189","2408","4","4","1.5","71243","178108","http://www.expressmodular.com/view_plan.php?id=1044","http://www.expressmodular.com/view_plan.php?id=1044",""
"Express Modular","31","Cape Cod","4","Huntington III","em190","2171","3","3","2","76062","190155","http://www.expressmodular.com/view_plan.php?id=1059","http://www.expressmodular.com/view_plan.php?id=1059",""
"Express Modular","31","Two Story","5","Hyannis","em191","1797","1","2","1.5","103949","259873","http://www.expressmodular.com/view_plan.php?id=250","http://www.expressmodular.com/view_plan.php?id=250",""
"Express Modular","31","Cape Cod","4","Independence ","em192","994","3","1","1","52032","130080","http://www.expressmodular.com/view_plan.php?id=98","http://www.expressmodular.com/view_plan.php?id=98",""
"Express Modular","31","Ranch","1","Jackson","em193","1760","3","2","1","81313","203283","http://www.expressmodular.com/view_plan.php?id=190","http://www.expressmodular.com/view_plan.php?id=190",""
"Express Modular","31","Cape Cod","4","Jamestown","em194","1395","3","2","1.5","74600","186500","http://www.expressmodular.com/view_plan.php?id=140","http://www.expressmodular.com/view_plan.php?id=140",""
"Express Modular","31","Ranch","1","Jamestown II","em195","1567","3","2.5","1","74338","185845","http://www.expressmodular.com/view_plan.php?id=834","http://www.expressmodular.com/view_plan.php?id=834",""
"Express Modular","31","Cape Cod","4","Jamison","em196","2396","4","2","1","153242","383105","http://www.expressmodular.com/view_plan.php?id=47","http://www.expressmodular.com/view_plan.php?id=47",""
"Express Modular","31","Two Story","5","Janbrook","em197","2252","4","2.5","2","106197","265493","http://www.expressmodular.com/view_plan.php?id=24","http://www.expressmodular.com/view_plan.php?id=24",""
"Express Modular","31","Cape Cod","4","Jefferson","em198","2228","3","2","1","107472","268680","http://www.expressmodular.com/view_plan.php?id=141","http://www.expressmodular.com/view_plan.php?id=141",""
"Express Modular","31","Two Story","5","Jefferson I A","em199","3061","4","2","2","121586","303965","http://www.expressmodular.com/view_plan.php?id=99","http://www.expressmodular.com/view_plan.php?id=99",""
"Express Modular","31","Ranch","1","Kenmare","em200","2417","3","2","1","166311","415778","http://www.expressmodular.com/view_plan.php?id=48","http://www.expressmodular.com/view_plan.php?id=48",""
"Express Modular","31","Ranch","1","Kensington","em201","1754","4","2","1","78118","195295","http://www.expressmodular.com/view_plan.php?id=143","http://www.expressmodular.com/view_plan.php?id=143",""
"Express Modular","31","Ranch","1","Kensington SL","em202","1754","4","2","1.5","78118","195295","http://www.expressmodular.com/view_plan.php?id=142","http://www.expressmodular.com/view_plan.php?id=142",""
"Express Modular",301","Two Story","5","Keystone","em203","2168","4","2.5","2","109137","272843","http://www.expressmodular.com/view_plan.php?id=25","http://www.expressmodular.com/view_plan.php?id=25",""
"Express Modular",301","Ranch","1","Kingston","em204","1764","3","2","1","82170","205425","http://www.expressmodular.com/view_plan.php?id=191","http://www.expressmodular.com/view_plan.php?id=191",""
"Irontown Homes","30,"Guest House","9","The Cabana","it001","534","1","1","1","82000","164000","http://www.irontownhomes.com","http://www.irontownhomes.com",""
"Irontown Homes","30,"Guest House","9","Pool House","it002","664","1","1","1","97800","195600","http://www.irontownhomes.com","http://www.irontownhomes.com",""
"Irontown Homes","30","Guest House","9","Torrey Flats","it003","696","1","1","1","102000","204000","http://www.irontownhomes.com","http://www.irontownhomes.com",""
"Irontown Homes","30","Ranch","1","The Bunkhouse (future loft)","it004","941","2","1","2","133300","266600","http://www.irontownhomes.com","http://www.irontownhomes.com",""
"Irontown Homes","30","Two Story","5","The Bunkhouse","it005","1566","3","2","2","180900","361800","http://www.irontownhomes.com","http://www.irontownhomes.com",""
"Irontown Homes","30","Two Story","5","The Berkeley 1","it006","1268","3","2","2","130700","261400","http://www.irontownhomes.com","http://www.irontownhomes.com",""
"Irontown Homes","30","Modern","5","The Berkeley 2","it007","1268","3","2","2","132500","265000","http://www.irontownhomes.com","http://www.irontownhomes.com",""
"Irontown Homes","30","Ranch","1","The Walker","it008","1165","2","2","1","138400","276800","http://www.irontownhomes.com","http://www.irontownhomes.com",""
"Irontown Homes","30","Two Story","5","The San Conejo","it011","1250","3","2","1","132100","264200","http://www.irontownhomes.com","http://www.irontownhomes.com",""
"Irontown Homes","30","Modern","5","The Spirit","it012","1250","3","2","1","135800","271600","http://www.irontownhomes.com","http://www.irontownhomes.com",""
"Irontown Homes","30","Chalet","2","The Aspen","it013","1255","3","2","1","138200","276400","http://www.irontownhomes.com","http://www.irontownhomes.com",""
"Irontown Homes","30","Ranch","1","The Milburn","it015","1530","2","2","1","164000","328000","http://www.irontownhomes.com","http://www.irontownhomes.com",""
"Irontown Homes","30","Ranch","1","The Bungalow","it016","1898","3","2","1","227200","454400","http://www.irontownhomes.com","http://www.irontownhomes.com",""
"Irontown Homes","30","Two Story","5","The Vallejo","it018","1980","3","2","2","210500","421000","http://www.irontownhomes.com","http://www.irontownhomes.com",""
"Irontown Homes","30","Two Story","5","The Manhattan","it019","2018","3","2","3","273400","546800","http://www.irontownhomes.com","http://www.irontownhomes.com",""
"Irontown Homes","30","Two Story","5","The Mission Bay","it021","2090","3","2.5","2","236300","472600","http://www.irontownhomes.com","http://www.irontownhomes.com",""
"Irontown Homes","30","Ranch","1","The Marilyn","it022","2115","3","3.5","1","219900","439800","http://www.irontownhomes.com","http://www.irontownhomes.com",""
"Irontown Homes","30","Two Story","5","The Green Acres","it023","2130","4","2.5","2","230800","461600","http://www.irontownhomes.com","http://www.irontownhomes.com",""
"Irontown Homes","30","Two Story","5","The Goleta","it024","2150","2","1.5","2","246700","493400","http://www.irontownhomes.com","http://www.irontownhomes.com",""
"Irontown Homes","30","Ranch","1","The Mill Creek","it025","2198","3","2","1","219600","439200","http://www.irontownhomes.com","http://www.irontownhomes.com",""
"Irontown Homes","30","Two Story","5","The Westwood","it026","2300","4","2.5","2","306100","612200","http://www.irontownhomes.com","http://www.irontownhomes.com",""
"Irontown Homes","30","Two Story","5","The Montecito","it027","2303","3","2.5","2","272000","544000","http://www.irontownhomes.com","http://www.irontownhomes.com",""
"Irontown Homes","30","Two Story","5","The Santa Barbara","it029","2320","3","3","2","233100","466200","http://www.irontownhomes.com","http://www.irontownhomes.com",""
"Irontown Homes","30","Ranch","1","The Behren","it030","2322","3","3.5","1","262600","525200","http://www.irontownhomes.com","http://www.irontownhomes.com",""
"Irontown Homes","30","Chalet","2","The Summit","it031","2400","4","3","2","314400","628800","http://www.irontownhomes.com","http://www.irontownhomes.com",""
"Irontown Homes","30","Ranch","1","The Homestead","it032","2405","2","3","1","268300","536600","http://www.irontownhomes.com","http://www.irontownhomes.com",""
"Irontown Homes","30","Ranch","1","The Promontory","it033","2653","4","3","1","358800","717600","http://www.irontownhomes.com","http://www.irontownhomes.com",""
"Irontown Homes","30","Ranch","1","The Traverse Ridge","it034","2653","4","3","1","332100","664200","http://www.irontownhomes.com","http://www.irontownhomes.com",""
"Irontown Homes","30","Modern","5","The Erwin","it035","2630","5","3","1","346800","693600","http://www.irontownhomes.com","http://www.irontownhomes.com",""
"Irontown Homes","30","Ranch","1","The Mountain View","it036","2960","4","4","1","341700","683400","http://www.irontownhomes.com","http://www.irontownhomes.com",""
"Irontown Homes","30","Two Story","5","The Beachcomber","it037","2995","4","3","2","318500","637000","http://www.irontownhomes.com","http://www.irontownhomes.com",""
"Irontown Homes","30","Ranch","1","The Big Sky 1","it038","3112","4","3","1","323300","646600","http://www.irontownhomes.com","http://www.irontownhomes.com",""
"Irontown Homes","30","Ranch","1","The Big Sky 2","it039","3112","4","3","1","332600","665200","http://www.irontownhomes.com","http://www.irontownhomes.com",""
"Irontown Homes","30","Two Story","5","The Portola","it041","9902","4","5","2","863500","1727000","http://www.irontownhomes.com","http://www.irontownhomes.com",""
"LivingHomes","58","Modern","5","C6.1","lh001","1232","3","2","1","179000","447500","http://www.livinghomes.net/modelDetail.html?model=c6","http://www.livinghomes.net/modelDetail.html?model=c6",""
"LivingHomes","58","Modern","5","C6.2","lh002","1096","2","2","1","159000","397500","http://www.livinghomes.net/modelDetail.html?model=c6.2","http://www.livinghomes.net/modelDetail.html?model=c6.2",""
"LivingHomes","58","Modern","5","C6.3","lh003","958","2","1","1","139000","347500","http://www.livinghomes.net/modelDetail.html?model=c6.3","http://www.livinghomes.net/modelDetail.html?model=c6.3",""
"LivingHomes","58","Modern","5","CK4","lh004","2008","3","2.5","2","245000","612500","http://www.livinghomes.net/modelDetail.html?model=ck4","http://www.livinghomes.net/modelDetail.html?model=ck4",""
"LivingHomes","58","Modern","5","CK5","lh005","2090","3","2.5","1","200000","500000","http://www.livinghomes.net/modelDetail.html?model=ck5","http://www.livinghomes.net/modelDetail.html?model=ck5",""
"LivingHomes","58","Modern","5","CK7","lh006","2230","4","2.5","2","320000","800000","http://www.livinghomes.net/modelDetail.html?model=ck7","http://www.livinghomes.net/modelDetail.html?model=ck7",""
"LivingHomes","58","Modern","5","RK1","lh007","2560","5","3.5","2","589030","1472575","http://www.livinghomes.net/modelDetail.html?model=rk1","http://www.livinghomes.net/modelDetail.html?model=rk1",""
"LivingHomes","58","Modern","5","RK2","lh008","3135","4","3.5","2","721050","1802625","http://www.livinghomes.net/modelDetail.html?model=rk2","http://www.livinghomes.net/modelDetail.html?model=rk2",""
"LivingHomes","58","Modern","5","KT1.3","lh009","1828","2","2.5","3","269000","672500","http://www.livinghomes.net/modelDetail.html?model=kt1.3","http://www.livinghomes.net/modelDetail.html?model=kt1.3",""
"LivingHomes","58","Modern","5","KT1.5","lh010","1622","2","2.5","2","235000","587500","http://www.livinghomes.net/modelDetail.html?model=kt1.5","http://www.livinghomes.net/modelDetail.html?model=kt1.5",""
"LivingHomes","58","Modern","5","KT2","lh011","1540","2","2","3","223000","557500","http://www.livinghomes.net/modelDetail.html?model=kt2","http://www.livinghomes.net/modelDetail.html?model=kt2",""
